Temperature (°C),Average (J)
-195,2.714285714
-80,3
-20,29
0,54.14285714
20,155
100,220.6782779
200,227.4285714
