Temperature (°C),Average (J)
-195,2.5
-80,4.166666667
-50,105.4452141
-20,299.3333333
0,277
20,335.8333333
100,323
200,293
